word;transcription;translation;unit;topic;form
bag;bæɡ;сумка, шкільний ранець;None;OBJECTS AND PEOPLE;5
camera;ˈkæmrə;фотоапарат;None;OBJECTS AND PEOPLE;5
chair;tʃeə;стілець;None;OBJECTS AND PEOPLE;5
dad;dæd;тато;None;OBJECTS AND PEOPLE;5
friends;frendz;друзі;None;OBJECTS AND PEOPLE;5
phone;fəʊn;телефон;None;OBJECTS AND PEOPLE;5
photo;ˈfəʊtəʊ;фотографія;None;OBJECTS AND PEOPLE;5
students;ˈstjuːdənts;учні;None;OBJECTS AND PEOPLE;5
table;ˈteɪbl;стіл;None;OBJECTS AND PEOPLE;5
watch;wɒtʃ;наручний годинник;None;OBJECTS AND PEOPLE;5
Argentina;ˌɑːdʒənˈtiːnə;Аргентина;None;COUNTRIES AND NATIONALITIES;5
Argentinian;ˌɑːdʒənˈtiniən;аргентинець (-ка);None;COUNTRIES AND NATIONALITIES;5
Brazil;brəˈzɪl;Бразлія;None;COUNTRIES AND NATIONALITIES;5
Brazilian;brəˈzɪljən;бразилець, бразилійка;None;COUNTRIES AND NATIONALITIES;5
China;ˈtʃaɪnə;Китай;None;COUNTRIES AND NATIONALITIES;5
Chinese;tʃaɪˈniːz;китаєць, китаянка;None;COUNTRIES AND NATIONALITIES;5
Italy;ˈɪtəli;Італія;None;COUNTRIES AND NATIONALITIES;5
Italian;ɪˈtæljən;італієць, італійка;None;COUNTRIES AND NATIONALITIES;5
Mexico;ˈmeksɪkəʊ;Мексика;None;COUNTRIES AND NATIONALITIES;5
Mexican;ˈmeksɪkən;мексиканець (-ка);None;COUNTRIES AND NATIONALITIES;5
Ukraine;juːˈkreɪn;Україна;None;COUNTRIES AND NATIONALITIES;5
Ukrainian;juːˈkreɪniən;українець (-ка);None;COUNTRIES AND NATIONALITIES;5
Spain;ˈspeɪn;Іспанія;None;COUNTRIES AND NATIONALITIES;5
Spanish;ˈspænɪʃ;іспанець (-ка);None;COUNTRIES AND NATIONALITIES;5
Turkey;ˈtɜːki;Туреччина;None;COUNTRIES AND NATIONALITIES;5
Turkish;ˈtɜːkɪʃ;турок, туркеня;None;COUNTRIES AND NATIONALITIES;5
baby;ˈbeɪbi;немовля;1;FAMILIES;5
brother;ˈbrʌðə;брат;1;FAMILIES;5
brothers;ˈbrʌðəz;брати;1;FAMILIES;5
child;tʃaɪld;дитина;1;FAMILIES;5
children;ˈtʃɪldrən;діти;1;FAMILIES;5
dad;dæd;тато;1;FAMILIES;5
daughter;ˈdɔːtə;донька;1;FAMILIES;5
father;ˈfɑːðə;батько;1;FAMILIES;5
husband;ˈhʌzbənd;чоловік;1;FAMILIES;5
mother;ˈmʌðə;мати;1;FAMILIES;5
mum;mʌm;мама;1;FAMILIES;5
parents;ˈpeərənts;батьки;1;FAMILIES;5
sister;ˈsɪstə;сестра;1;FAMILIES;5
son;sʌn;син;1;FAMILIES;5
wife;waɪf;дружина;1;FAMILIES;5
bored;bɔːd;знудьгований;1;ADJECTIVES: FEELINGS;5
clever;ˈklevə;розумний;1;ADJECTIVES: FEELINGS;5
funny;ˈfʌni;смішний;1;ADJECTIVES: FEELINGS;5
happy;ˈhæpi;щасливий;1;ADJECTIVES: FEELINGS;5
hot;hɒt;жарко;1;ADJECTIVES: FEELINGS;5
hungry;ˈhʌŋɡri;голодний;1;ADJECTIVES: FEELINGS;5
nice;naɪs;приємний;1;ADJECTIVES: FEELINGS;5
sad;sæd;сумний;1;ADJECTIVES: FEELINGS;5
tired;taɪəd;втомлений;1;ADJECTIVES: FEELINGS;5
banana;bəˈnɑːnə;банан;1;THINGS IN MY SCHOOL BAG;5
chocolate;ˈtʃɒklət;шоколад;1;THINGS IN MY SCHOOL BAG;5
coat;kəʊt;пальто;1;THINGS IN MY SCHOOL BAG;5
football;ˈfʊtbɔːl;футбольний м’яч;1;THINGS IN MY SCHOOL BAG;5
gloves;ɡlʌvz;рукавички;1;THINGS IN MY SCHOOL BAG;5
hat;hæt;шапка;1;THINGS IN MY SCHOOL BAG;5
keys;kiːz;ключі;1;THINGS IN MY SCHOOL BAG;5
scarf;skɑːf;шарф;1;THINGS IN MY SCHOOL BAG;5
wallet;ˈwɒlɪt;гаманець;1;THINGS IN MY SCHOOL BAG;5
water bottle;ˈwɔːtə ˈbɒtəl;пляшка для води;1;THINGS IN MY SCHOOL BAG;5
big;bɪɡ;великий;1;ADJECTIVES: THINGS;5
blue;bluː;синій;1;ADJECTIVES: THINGS;5
clean;kliːn;чистий;1;ADJECTIVES: THINGS;5
dark;dɑːk;темний;1;ADJECTIVES: THINGS;5
dirty;ˈdɜːti;брудний;1;ADJECTIVES: THINGS;5
light blue;laɪt bluː;блакитний;1;ADJECTIVES: THINGS;5
long;lɒŋ;довгий;1;ADJECTIVES: THINGS;5
new;njuː;новий;1;ADJECTIVES: THINGS;5
old;əʊld;старий;1;ADJECTIVES: THINGS;5
short;ʃɔːt;короткий;1;ADJECTIVES: THINGS;5
small;smɔːl;малий;1;ADJECTIVES: THINGS;5
bath;bɑːθ;ванна;4;ROOMS;5
bathroom;ˈbɑːθruːm;ванна кімната;4;ROOMS;5
bedroom;ˈbedruːm;спальня;4;ROOMS;5
dining room;ˈdaɪnɪŋ ruːm;столова;4;ROOMS;5
door;dɔː;двері;4;ROOMS;5
floor;flɔː;підлога;4;ROOMS;5
hall;hɔːl;передпокій;4;ROOMS;5
kitchen;ˈkɪtʃɪn;кухня;4;ROOMS;5
living room;ˈlɪvɪŋ ruːm;вітальня;4;ROOMS;5
shower;ˈʃaʊə;душ;4;ROOMS;5
toilet;ˈtɔɪlət;туалет;4;ROOMS;5
wall;wɔːl;стіна;4;ROOMS;5
window;ˈwɪndəʊ;вікно;4;ROOMS;5
bed;bed;ліжко;4;THINGS IN MY ROOM;5
board games;bɔːd ˌɡeɪmz;настільні ігри;4;THINGS IN MY ROOM;5
bookcase;ˈbʊkkeɪs;книжкова шафа;4;THINGS IN MY ROOM;5
clock;klɒk;годинник;4;THINGS IN MY ROOM;5
computer;kəmˈpjuːtə;комп’ютер;4;THINGS IN MY ROOM;5
clothes;kləʊðz;одяг;4;THINGS IN MY ROOM;5
guitar;ɡɪˈtɑː;гітара;4;THINGS IN MY ROOM;5
poster;ˈpəʊstə;постер;4;THINGS IN MY ROOM;5
pet fish;pet fɪʃ;акваріумна рибка;4;THINGS IN MY ROOM;5
television;ˈtelɪvɪʒən;телевізор;4;THINGS IN MY ROOM;5
TV;ˌtiːˈviː;телевізор;4;THINGS IN MY ROOM;5
toys;tɔɪz;іграшки;4;THINGS IN MY ROOM;5
biscuits;ˈbɪskɪts;печиво;3;FOOD;5
bread;bred;хліб;3;FOOD;5
butter;ˈbʌtə;вершкове масло;3;FOOD;5
cakes;keɪks;тістечка;3;FOOD;5
cheese;tʃiːz;сир;3;FOOD;5
chicken;ˈtʃɪkɪn;курятина;3;FOOD;5
chips;tʃɪps;картопля фрі;3;FOOD;5
drinks;drɪŋks;напої;3;FOOD;5
eggs;eɡz;яйця;3;FOOD;5
fruit;fru:t;фрукти;3;FOOD;5
juice;dʒuːs;сік;3;FOOD;5
lemonade;ˌleməˈneɪd;лимонад;3;FOOD;5
meat;mi:t;м’ясо;3;FOOD;5
milk;mɪlk;молоко;3;FOOD;5
pasta;ˈpæstə;макаронні вироби;3;FOOD;5
potatoes;pəˈteɪtəʊz;картопля;3;FOOD;5
rice;raɪs;рис;3;FOOD;5
soup;suːp;суп;3;FOOD;5
sweet snacks;swiːt snæks;солодкі снеки;3;FOOD;5
tomatoes;təˈmɑːtəʊz;помідори;3;FOOD;5
vegetables;ˈvedʒtəbəlz;овочі;3;FOOD;5
am;ˌeɪˈem;години від півночі до полудня;3;TELLING THE TIME (1);5
o’clock;əˈklɒk;прислівник на позначення годин;3;TELLING THE TIME (1);5
pm;ˌpiːˈem;години від полудня до півночі;3;TELLING THE TIME (1);5
fifty;ˈfɪfti;п’ятдесят;3;TELLING THE TIME (1);5
forty;ˈfɔːti;сорок;3;TELLING THE TIME (1);5
sixty;ˈsɪksti;шістдесят;3;TELLING THE TIME (1);5
thirty;ˈθɜːti;тридцять;3;TELLING THE TIME (1);5
cook;kʊk;готувати (їжу);6;ACTIVITIES AND SKILLS;5
paint;peɪnt;малювати фарбами;6;ACTIVITIES AND SKILLS;5
play;pleɪ;грати;6;ACTIVITIES AND SKILLS;5
remember;rɪˈmembə;запам’ятовувати;6;ACTIVITIES AND SKILLS;5
ride;raɪd;їздити верхи;6;ACTIVITIES AND SKILLS;5
sail;seɪl;плавати на човні;6;ACTIVITIES AND SKILLS;5
sing;sɪŋ;співати;6;ACTIVITIES AND SKILLS;5
skate;skeɪt;кататися на ковзанах;6;ACTIVITIES AND SKILLS;5
speak;spiːk;розмовляти;6;ACTIVITIES AND SKILLS;5
swim;swɪm;плавати;6;ACTIVITIES AND SKILLS;5
arm;ɑːm;рука (від зап’ястка до плеча);6;PARTS OF THE BODY;5
ear;ɪə;вухо;6;PARTS OF THE BODY;5
eye;aɪ;око;6;PARTS OF THE BODY;5
face;feɪs;обличчя;6;PARTS OF THE BODY;5
feet;fiːt;стопи;6;PARTS OF THE BODY;5
foot;fʊt;стопа;6;PARTS OF THE BODY;5
hair;heə;волосся;6;PARTS OF THE BODY;5
hand;hænd;рука (кисть);6;PARTS OF THE BODY;5
head;hed;голова;6;PARTS OF THE BODY;5
leg;leɡ;нога;6;PARTS OF THE BODY;5
mouth;maʊθ;рот;6;PARTS OF THE BODY;5
nose;nəʊz;ніс;6;PARTS OF THE BODY;5
teeth;tiːθ;зуби;6;PARTS OF THE BODY;5
tooth;tuːθ;зуб;6;PARTS OF THE BODY;5
It’s twenty-five past …;ɪts ˈtwenti faɪv pɑːst;25 хвилин на …;6;UNIT 5VOCABULARY LISTEP;5
past;pɑːst;«після» - для хвилин від 1 до 30;6;UNIT 5VOCABULARY LISTEP;5
to;tʊ;«до» - для хвилин від 31 до 59;6;UNIT 5VOCABULARY LISTEP;5
art;ɑːt;мистецтво;6;SCHOOL SUBJECTS;5
English;ˈɪŋɡlɪʃ;англійська мова;6;SCHOOL SUBJECTS;5
French;frentʃ;французька мова;6;SCHOOL SUBJECTS;5
geography;dʒiˈɒɡrəfi;географія;6;SCHOOL SUBJECTS;5
history;ˈhɪstəri;історія;6;SCHOOL SUBJECTS;5
IT;ˌaɪˈtiː;інформатика;6;SCHOOL SUBJECTS;5
maths;mæθs;математика;6;SCHOOL SUBJECTS;5
music;ˈmjuːzɪk;музика;6;SCHOOL SUBJECTS;5
PE;ˌpiːˈiː;фізичне виховання;6;SCHOOL SUBJECTS;5
science;ˈsaɪəns;природознавство;6;SCHOOL SUBJECTS;5
catch;kætʃ;ловити, сідати (на автобус);6;WORDS WITH TWO MEANINGS;5
come;kʌm;приходити, бути родом (з певної країни);6;WORDS WITH TWO MEANINGS;5
get;ɡet;отримувати, добиратися;6;WORDS WITH TWO MEANINGS;5
meet;miːt;зустрічати, знайомитися;6;WORDS WITH TWO MEANINGS;5
see;siː;бачити, бачитися;6;WORDS WITH TWO MEANINGS;5
think;θɪŋk;думати, вважати;6;WORDS WITH TWO MEANINGS;5
UNIT 8It’s four o’clock.;ɪts fɔː əˈklɒk;Зараз четверта година.;6;WORDS WITH TWO MEANINGS;5
It’s 9 am.;ɪts naɪn ˌeɪˈem;Зараз 9 година ранку.;6;WORDS WITH TWO MEANINGS;5
It’s one ten.;ɪts wʌn ten;Зараз 10 хвилин на другу.;6;WORDS WITH TWO MEANINGS;5
It’s 7 pm.;ɪts ˈsevən ˌpiːˈem;Зараз 7 година вечора.;6;WORDS WITH TWO MEANINGS;5
It’s three thirty.;ɪts θriː ˈθɜːti;Зараз пів на четверту.;6;WORDS WITH TWO MEANINGS;5
It’s two fifty.;ɪts tuː ˈfɪfti;Зараз за 10 хвилин третя.;6;WORDS WITH TWO MEANINGS;5
get dressed;ɡet drest;одягатися;6;DAILY ACTIVITIES;5
get up;ɡet ʌp;вставати з ліжка;6;DAILY ACTIVITIES;5
go to bed;ɡəʊ tə bed;йти спати;6;DAILY ACTIVITIES;5
have a shower;hæv ə ʃaʊə;приймати душ;6;DAILY ACTIVITIES;5
have breakfast;hæv ˈbrekfəst;снідати;6;DAILY ACTIVITIES;5
have dinner;hæv ˈdɪnə;вечеряти;6;DAILY ACTIVITIES;5
have lunch;hæv lʌntʃ;обідати;6;DAILY ACTIVITIES;5
walk to school;wɔːk tə skuːl;йти до школи пішки;6;DAILY ACTIVITIES;5
wash your face;wɒʃ jə feɪs;вмиватися;6;DAILY ACTIVITIES;5
It’s half past …;ɪts hɑːf pɑːst;Пів на ….;6;TELLING THE TIME (2);5
It’s … o’clock;ɪts əˈklɒk;Зараз … година;6;TELLING THE TIME (2);5
It’s quarter to …;ɪts ˈkwɔːtə tʊ;За чверть …;6;TELLING THE TIME (2);5
It’s ten to …;ɪts ten tʊ;За 10 хвилин…;6;TELLING THE TIME (2);5
athletics;æθˈletɪks;легка атлетика;7;AFTER-SCHOOL ACTIVITIES;5
board games;bɔːd ˌɡeɪmz;настільні ігри;7;AFTER-SCHOOL ACTIVITIES;5
coding;ˈkəʊdɪŋ;кодування;7;AFTER-SCHOOL ACTIVITIES;5
cookery;ˈkʊkəri;кулінарія;7;AFTER-SCHOOL ACTIVITIES;5
drama;ˈdrɑːmə;театральне мистецтво;7;AFTER-SCHOOL ACTIVITIES;5
film;fɪlm;фільм;7;AFTER-SCHOOL ACTIVITIES;5
horse riding;ˈhɔːs ˌraɪdɪŋ;верхова їзда;7;AFTER-SCHOOL ACTIVITIES;5
Italian;ɪˈtæljən;італійська мова;7;AFTER-SCHOOL ACTIVITIES;5
judo;ˈdʒuːdəʊ;дзюдо;7;AFTER-SCHOOL ACTIVITIES;5
yoga;ˈjəʊɡə;йога;7;AFTER-SCHOOL ACTIVITIES;5
carry the shopping;ˈkæri ðə ˈʃɒpɪŋ;нести куплені продукти;7;JOBS AROUND THE HOUSE;5
clean the bath;kliːn ðə bɑːθ;мити ванну;7;JOBS AROUND THE HOUSE;5
cook dinner;kʊk ˈdɪnə;готувати вечерю;7;JOBS AROUND THE HOUSE;5
do the washing-up;duː ðə ˈwɒʃɪŋ ʌp;мити посуд;7;JOBS AROUND THE HOUSE;5
feed the cat;fiːd ðə kæt;годувати кота;7;JOBS AROUND THE HOUSE;5
make your bed;meɪk jə bed;заправляти ліжко;7;JOBS AROUND THE HOUSE;5
tidy your room;ˈtaɪdi jə ruːm;прибирати у кімнаті;7;JOBS AROUND THE HOUSE;5
walk the dog;wɔːk ðə dɒɡ;вигулювати собаку;7;JOBS AROUND THE HOUSE;5
badminton;ˈbædmɪntən;бадмінтон;10;SPORTS AND ACTIVITIES;5
baseball;ˈbeɪsbɔːl;бейсбол;10;SPORTS AND ACTIVITIES;5
basketball;ˈbɑːskɪtbɔːl;баскетбол;10;SPORTS AND ACTIVITIES;5
dancing;ˈdɑːnsɪŋ;танці;10;SPORTS AND ACTIVITIES;5
football;ˈfʊtbɔːl;футбол;10;SPORTS AND ACTIVITIES;5
hockey;ˈhɒki;хокей;10;SPORTS AND ACTIVITIES;5
running;ˈrʌnɪŋ;біг;10;SPORTS AND ACTIVITIES;5
swimming;ˈswɪmɪŋ;плавання;10;SPORTS AND ACTIVITIES;5
table tennis;ˈteɪbl tenɪs;настільний теніс;10;SPORTS AND ACTIVITIES;5
tennis;ˈtenɪs;теніс;10;SPORTS AND ACTIVITIES;5
biscuits;ˈbɪskɪts;печиво;10;HEALTH;5
bread;bred;хліб;10;HEALTH;5
butter;ˈbʌtə;вершкове масло;10;HEALTH;5
cake;keɪk;торт, тістечко;10;HEALTH;5
chocolate;ˈtʃɒklət;шоколад;10;HEALTH;5
dancing;ˈdɑːnsɪŋ;танці;10;HEALTH;5
feel better;fiːl ˈbetə;почуватися краще;10;HEALTH;5
feel fine;fiːl faɪn;почуватися добре;10;HEALTH;5
feel well;fiːl wel;мати гарне самопочуття;10;HEALTH;5
good for;ɡʊd fɔː;корисно;10;HEALTH;5
not good for;nɒt ɡʊd fɔː;не корисно;10;HEALTH;5
oranges;ˈɒrɪndʒɪz;апельсини;10;HEALTH;5
vegetables;ˈvedʒtəblz;овочі;10;HEALTH;5
walking to school;ˈwɔːkɪŋ tə skuːl;піша ходьба до школи;10;HEALTH;5
water;ˈwɔːtə;вода;10;HEALTH;5
doctor;ˈdɒktə;лікар (-ка);10;JOBS;5
farmer;ˈfɑːmə;фермер (-ка);10;JOBS;5
firefighter;ˈfaɪəfaɪtə;пожежник (-ця);10;JOBS;5
footballer;ˈfʊtbɔːlə;футболіст (-ка);10;JOBS;5
journalist;ˈdʒɜːnəlɪst;журналіст (-ка);10;JOBS;5
lorry driver;ˈlɒri ˈdraɪvə;далекобійник (-ця);10;JOBS;5
musician;mjuːˈzɪʃən;музикант (-ка);10;JOBS;5
nurse;nɜːs;медсестра, медбрат;10;JOBS;5
photographer;fəˈtɒɡrəfə;фотограф (-иня);10;JOBS;5
waiter;ˈweɪtə;офіціант;10;JOBS;5
waitress;ˈweɪtrəs;офіціантка;10;JOBS;5
bottle;ˈbɒtəl;пляшка;10;IN A CAFÉ;5
bowl;bəʊl;миска;10;IN A CAFÉ;5
cup;kʌp;чашка;10;IN A CAFÉ;5
fork;fɔːk;виделка;10;IN A CAFÉ;5
glass;ɡlɑːs;склянка;10;IN A CAFÉ;5
knife;naɪf;ніж;10;IN A CAFÉ;5
pepper;ˈpepə;перець;10;IN A CAFÉ;5
plate;pleɪt;тарілка;10;IN A CAFÉ;5
salt;sɒlt;сіль;10;IN A CAFÉ;5
spoon;spuːn;ложка;10;IN A CAFÉ;5
sugar;ˈʃʊɡə;цукор;10;IN A CAFÉ;5
band;bænd;музичний гурт;12;ENTERTAINMENT;5
concert;ˈkɒnsət;концерт;12;ENTERTAINMENT;5
famous person;ˈfeɪməs ˈpɜːsən;відома людина;12;ENTERTAINMENT;5
fans;fænz;фанати;12;ENTERTAINMENT;5
movies;ˈmuːviz;кінострічки;12;ENTERTAINMENT;5
newspaper;ˈnjuːzˌpeɪpə;газета;12;ENTERTAINMENT;5
song;sɒŋ;пісня;12;ENTERTAINMENT;5
TV show;ˌtiːˈviː ʃəʊ;ТВ-шоу;12;ENTERTAINMENT;5
digital camera;ˈdɪdʒɪtəl ˈkæmrə;цифровий фотоапарат;12;TECHNOLOGY;5
fitness tracker;ˈfɪtnəs ˌtrækə;фітнес-браслет;12;TECHNOLOGY;5
laptop;ˈlæptɒp;ноутбук;12;TECHNOLOGY;5
smart speaker;smɑːt ˈspiːkə;розумна колонка;12;TECHNOLOGY;5
smartphone;ˈsmɑːtfəʊn;смартфон;12;TECHNOLOGY;5
tablet;ˈtæblət;планшет;12;TECHNOLOGY;5
plane;pleɪn;літак;11;TECHNOLOGY;5
taxi;ˈtæksi;таксі;11;TECHNOLOGY;5
train;treɪn;потяг;11;TECHNOLOGY;5
tram;træm;трамвай;11;TECHNOLOGY;5
Underground;ˈʌndəɡraʊnd;метро;11;TECHNOLOGY;5
trolleybus;ˈtrɒlɪbʌs;тролейбус;11;TECHNOLOGY;5
funicular;fjʊˈnɪkjʊlə;фунікулер;11;TECHNOLOGY;5
go out with friends;ɡəʊ aʊt wɪð frendz;гуляти з друзями;11;PHRASES FOR GOING OUT;5
go running;ɡəʊ ˈrʌnɪŋ;займатися бігом;11;PHRASES FOR GOING OUT;5
go shopping;ɡəʊ ˈʃɒpɪŋ;ходити по магазинах;11;PHRASES FOR GOING OUT;5
go swimming;ɡəʊ ˈswɪmɪŋ;займатися плаванням;11;PHRASES FOR GOING OUT;5
go to a museum;ɡəʊ tə ə mjuːˈziːəm;ходити до музею;11;PHRASES FOR GOING OUT;5
go to a restaurant;ɡəʊ tə ə ˈrestrɒnt;ходити до ресторану;11;PHRASES FOR GOING OUT;5
go to the park;ɡəʊ tə ðə pɑːk;ходити до парку;11;PHRASES FOR GOING OUT;5
meet friends;miːt frendz;зустрічатися з друзями;11;PHRASES FOR GOING OUT;5
see a film;siː ə fɪlm;переглядати фільм;11;PHRASES FOR GOING OUT;5
visit a museum;ˈvɪzɪt ə mjuːˈziːəm;відвідувати музей;11;PHRASES FOR GOING OUT;5
visit friends;ˈvɪzɪt frendz;відвідувати друзів;11;PHRASES FOR GOING OUT;5
bank;bæŋk;банк;11;PHRASES FOR GOING OUT;5
cinema;ˈsɪnəmə;кінотеатр;11;PHRASES FOR GOING OUT;5
hospital;ˈhɒspɪtəl;лікарня;11;PHRASES FOR GOING OUT;5
hotel;həʊˈtel;готель;11;PHRASES FOR GOING OUT;5
museum;mjuːˈziːəm;музей;11;PHRASES FOR GOING OUT;5
park;pɑːk;парк;11;PHRASES FOR GOING OUT;5
restaurant;ˈrestrɒnt;ресторан;11;PHRASES FOR GOING OUT;5
station;ˈsteɪʃən;залізнична станція;11;PHRASES FOR GOING OUT;5
supermarket;ˈsuːpəˌmɑːkɪt;супермаркет;11;PHRASES FOR GOING OUT;5
university;ˌjuːnɪˈvɜːsəti;університет;11;PHRASES FOR GOING OUT;5
beautiful;ˈbjuːtɪfəl;красивий;11;ADJECTIVES: PLACES;5
cheap;tʃiːp;дешевий;11;ADJECTIVES: PLACES;5
expensive;ɪkˈspensɪv;дорогий;11;ADJECTIVES: PLACES;5
great;ɡreɪt;чудовий;11;ADJECTIVES: PLACES;5
important;ɪmˈpɔːtənt;важливий;11;ADJECTIVES: PLACES;5
interesting;ˈɪntrəstɪŋ;цікавий;11;ADJECTIVES: PLACES;5
little;ˈlɪtl;малий;11;ADJECTIVES: PLACES;5
safe;seɪf;безпечний;11;ADJECTIVES: PLACES;5
tall;tɔːl;високий;11;ADJECTIVES: PLACES;5
bike;baɪk;велосипед;11;TRANSPORT;5
boat;bəʊt;човен;11;TRANSPORT;5
bus;bʌs;автобус;11;TRANSPORT;5
car;kɑː;машина;11;TRANSPORT;5
coach;kəʊtʃ;туристичний автобус;11;TRANSPORT;5
birthday card;ˈbɜːθdeɪ kɑːd;листівка до дня народження;13;SHOPPING;5
diary;ˈdaɪəri;щоденник;13;SHOPPING;5
paint;peɪnt;фарба;13;SHOPPING;5
paper;ˈpeɪpə;папір;13;SHOPPING;5
perfume;ˈpɜːfjuːm;парфуми;13;SHOPPING;5
plant;plɑːnt;рослина;13;SHOPPING;5
scissors;ˈsɪzəz;ножиці;13;SHOPPING;5
stamps;stæmps;марки;13;SHOPPING;5
sweets;swiːts;цукерки, солодощі;13;SHOPPING;5
rucksack;ˈrʌksæk;рюкзак;13;SHOPPING;5
toothbrush;ˈtuːθbrʌʃ;зубна щітка;13;SHOPPING;5
umbrella;ʌmˈbrelə;парасолька;13;SHOPPING;5
cent;sent;цент;13;MONEY AND PRICES;5
dollar;ˈdɒlə;долар;13;MONEY AND PRICES;5
euro;ˈjʊərəʊ;євро;13;MONEY AND PRICES;5
pence;pens;пенс;13;MONEY AND PRICES;5
pound;paʊnd;фунт стерлінгів;13;MONEY AND PRICES;5
hryvnia;ˈhrɪvnjɑː;гривня;13;MONEY AND PRICES;5
digital watch;ˈdɪdʒɪtəl wɒtʃ;цифровий годинник;16;CLOTHES;5
dress;dres;сукня;16;CLOTHES;5
glasses;ˈɡlɑːsɪz;окуляри;16;CLOTHES;5
jacket;ˈdʒækɪt;куртка, жакет;16;CLOTHES;5
jeans;dʒiːnz;джинси;16;CLOTHES;5
shirt;ʃɜːt;сорочка;16;CLOTHES;5
shoes;ʃuːz;туфлі, взуття;16;CLOTHES;5
skirt;skɜːt;спідниця;16;CLOTHES;5
trousers;ˈtraʊzəz;штани;16;CLOTHES;5
T-shirt;ˈtiːʃɜːt;футболка;16;CLOTHES;5
beautiful eyes;ˈbjuːtɪfəl aɪz;красиві очі;16;PHRASES: PEOPLE;5
big ears;bɪɡ ɪəz;великі вуха;16;PHRASES: PEOPLE;5
a brown beard;ə braʊn bɪəd;каштанова борода;16;PHRASES: PEOPLE;5
dark hair;dɑːk heə;темне волосся;16;PHRASES: PEOPLE;5
fat;fæt;повний, огрядний;16;PHRASES: PEOPLE;5
long hair;lɒŋ heə;довге волосся;16;PHRASES: PEOPLE;5
old;əʊld;старий;16;PHRASES: PEOPLE;5
a red nose;ə red nəʊz;червоний ніс;16;PHRASES: PEOPLE;5
short;ʃɔːt;низький на зріст;16;PHRASES: PEOPLE;5
short hair;ʃɔːt heə;коротке волосся;16;PHRASES: PEOPLE;5
slim;slɪm;стрункий;16;PHRASES: PEOPLE;5
tall;tɔːl;високий на зріст;16;PHRASES: PEOPLE;5
young;jʌŋ;молодий;16;PHRASES: PEOPLE;5
autumn;ˈɔːtəm;осінь;15;WEATHER;5
cold;kəʊld;холодний;15;WEATHER;5
hot;hɒt;жаркий;15;WEATHER;5
rain;reɪn;дощ;15;WEATHER;5
snow;snəʊ;сніг;15;WEATHER;5
spring;sprɪŋ;весна;15;WEATHER;5
summer;ˈsʌmə;літо;15;WEATHER;5
sun;sʌn;сонце;15;WEATHER;5
warm;wɔːm;теплий;15;WEATHER;5
wind;wɪnd;вітер;15;WEATHER;5
winter;ˈwɪntə;зима;15;WEATHER;5
catch;kætʃ;сідати (на автобус);15;HOLIDAYS;5
come;kʌm;приходити;15;HOLIDAYS;5
drive;draɪv;керувати автівкою;15;HOLIDAYS;5
fly;flaɪ;літати;15;HOLIDAYS;5
get;ɡet;добиратися;15;HOLIDAYS;5
hotel;həʊˈtel;готель;15;HOLIDAYS;5
leave;liːv;від’їжджати;15;HOLIDAYS;5
stay;steɪ;залишатися, зупинятися;15;HOLIDAYS;5
tent;tent;намет;15;HOLIDAYS;5
travel;ˈtrævəl;подорожувати;15;HOLIDAYS;5
visit;ˈvɪzɪt;відвідати;15;HOLIDAYS;5
beach;biːtʃ;пляж;18;THE NATURAL WORLD;5
countryside;ˈkʌntrɪsaɪd;сільська місцевість;18;THE NATURAL WORLD;5
flowers;ˈflaʊəz;квіти;18;THE NATURAL WORLD;5
forest;ˈfɒrɪst;ліс;18;THE NATURAL WORLD;5
garden;ˈɡɑːdən;сад;18;THE NATURAL WORLD;5
grass;ɡrɑːs;трава;18;THE NATURAL WORLD;5
river;ˈrɪvə;річка;18;THE NATURAL WORLD;5
sea;siː;море;18;THE NATURAL WORLD;5
tree;triː;дерево;18;THE NATURAL WORLD;5
amazing;əˈmeɪzɪŋ;вражаючий;18;ADJECTIVES: OPINIONS;5
attractive;əˈtræktɪv;привабливий;18;ADJECTIVES: OPINIONS;5
exciting;ɪkˈsaɪtɪŋ;захоплюючий;18;ADJECTIVES: OPINIONS;5
fantastic;fænˈtæstɪk;фантастичний;18;ADJECTIVES: OPINIONS;5
popular;ˈpɒpjələ;відомий;18;ADJECTIVES: OPINIONS;5
unusual;ʌnˈjuːʒuəl;незвичайний, дивний;18;ADJECTIVES: OPINIONS;5
wonderful;ˈwʌndəfəl;чудовий;18;ADJECTIVES: OPINIONS;5
bear;beə;ведмідь;18;WILD ANIMALS;5
crocodile;ˈkrɒkədaɪl;крокодил;18;WILD ANIMALS;5
elephant;ˈelɪfənt;слон;18;WILD ANIMALS;5
giraffe;dʒɪˈrɑːf;жирафа;18;WILD ANIMALS;5
kangaroo;ˌkæŋɡəˈruː;кенгуру;18;WILD ANIMALS;5
leopard;ˈlepəd;леопард;18;WILD ANIMALS;5
monkey;ˈmʌŋki;мавпа;18;WILD ANIMALS;5
snake;sneɪk;змія;18;WILD ANIMALS;5
tiger;ˈtaɪɡə;тигр;18;WILD ANIMALS;5
zebra;ˈzebrə;зебра;18;WILD ANIMALS;5
bird;bɜːd;пташка;18;PETS AND FARM ANIMALS;5
cat;kæt;кіт;18;PETS AND FARM ANIMALS;5
cow;kaʊ;корова;18;PETS AND FARM ANIMALS;5
dog;dɒɡ;собака;18;PETS AND FARM ANIMALS;5
donkey;ˈdɒŋki;віслюк;18;PETS AND FARM ANIMALS;5
kitten;ˈkɪtən;кошеня;18;PETS AND FARM ANIMALS;5
mouse;maʊs;миша;18;PETS AND FARM ANIMALS;5
puppy;ˈpʌpi;цуценя;18;PETS AND FARM ANIMALS;5
rabbit;ˈræbɪt;кролик;18;PETS AND FARM ANIMALS;5
sheep;ʃiːp;вівця, вівці;18;PETS AND FARM ANIMALS;5
difficult;ˈdɪfɪkəlt;складний;20;ADJECTIVES (1);5
easy;ˈiːzi;легкий;20;ADJECTIVES (1);5
excited;ɪkˈsaɪtɪd;збуджений, схвильований;20;ADJECTIVES (1);5
fast;fɑːst;швидкий;20;ADJECTIVES (1);5
friendly;ˈfrendli;дружній;20;ADJECTIVES (1);5
late;leɪt;пізній;20;ADJECTIVES (1);5
loud;laʊd;гучний;20;ADJECTIVES (1);5
slow;sləʊ;повільний;20;ADJECTIVES (1);5
brilliant;ˈbrɪljənt;неперевершений;20;ADJECTIVES (2);5
fun;fʌn;веселий;20;ADJECTIVES (2);5
heavy;ˈhevi;важкий;20;ADJECTIVES (2);5
new;njuː;новий;20;ADJECTIVES (2);5
pleased;pliːzd;задоволений;20;ADJECTIVES (2);5
quick;kwɪk;швидкий;20;ADJECTIVES (2);5
ready;ˈredi;готовий;20;ADJECTIVES (2);5
strong;strɒŋ;сильний;20;ADJECTIVES (2);5